village_name,census_code,district,block,url
"List of Odisha districts for Village CodesTheOdisha Village Codesdirectory provides information onCensus codes of Districts, Talukas and Villages in Odisha state. The below code table helps you to browse the list of census code information district-wise.Sl. No.District NameCensus District Code1Anugul3842Balangir3933Baleshwar3774Bargarh3705Baudh3916Bhadrak3787Cuttack3818Debagarh3739Dhenkanal38310Gajapati38911Ganjam38812Jagatsinghapur38013Jajapur38214Jharsuguda37115Kalahandi39516Kandhamal39017Kendrapara37918Kendujhar37519Khordha38620Koraput39821Malkangiri39922Mayurbhanj37623Nabarangapur39724Nayagarh38525Nuapada39426Puri38727Rayagada39628Sambalpur37229Subarnapur39230Sundargarh374",,All Districts,All Blocks,
Anugul,,All Districts,All Blocks,https://odisha.villagecodes.in/anugul/
Balangir,,All Districts,All Blocks,https://odisha.villagecodes.in/balangir/
Baleshwar,,All Districts,All Blocks,https://odisha.villagecodes.in/baleshwar/
Bargarh,,All Districts,All Blocks,https://odisha.villagecodes.in/bargarh/
Baudh,,All Districts,All Blocks,https://odisha.villagecodes.in/baudh/
Bhadrak,,All Districts,All Blocks,https://odisha.villagecodes.in/bhadrak/
Cuttack,,All Districts,All Blocks,https://odisha.villagecodes.in/cuttack/
Debagarh,,All Districts,All Blocks,https://odisha.villagecodes.in/debagarh/
Dhenkanal,,All Districts,All Blocks,https://odisha.villagecodes.in/dhenkanal/
Gajapati,,All Districts,All Blocks,https://odisha.villagecodes.in/gajapati/
Ganjam,,All Districts,All Blocks,https://odisha.villagecodes.in/ganjam/
Jagatsinghapur,,All Districts,All Blocks,https://odisha.villagecodes.in/jagatsinghapur/
Jajapur,,All Districts,All Blocks,https://odisha.villagecodes.in/jajapur/
Jharsuguda,,All Districts,All Blocks,https://odisha.villagecodes.in/jharsuguda/
Kalahandi,,All Districts,All Blocks,https://odisha.villagecodes.in/kalahandi/
Kandhamal,,All Districts,All Blocks,https://odisha.villagecodes.in/kandhamal/
Kendrapara,,All Districts,All Blocks,https://odisha.villagecodes.in/kendrapara/
Kendujhar,,All Districts,All Blocks,https://odisha.villagecodes.in/kendujhar/
Khordha,,All Districts,All Blocks,https://odisha.villagecodes.in/khordha/
Koraput,,All Districts,All Blocks,https://odisha.villagecodes.in/koraput/
Malkangiri,,All Districts,All Blocks,https://odisha.villagecodes.in/malkangiri/
Mayurbhanj,,All Districts,All Blocks,https://odisha.villagecodes.in/mayurbhanj/
Nabarangapur,,All Districts,All Blocks,https://odisha.villagecodes.in/nabarangapur/
Nayagarh,,All Districts,All Blocks,https://odisha.villagecodes.in/nayagarh/
Nuapada,,All Districts,All Blocks,https://odisha.villagecodes.in/nuapada/
Puri,,All Districts,All Blocks,https://odisha.villagecodes.in/puri/
Rayagada,,All Districts,All Blocks,https://odisha.villagecodes.in/rayagada/
Sambalpur,,All Districts,All Blocks,https://odisha.villagecodes.in/sambalpur/
Subarnapur,,All Districts,All Blocks,https://odisha.villagecodes.in/subarnapur/
Sundargarh,,All Districts,All Blocks,https://odisha.villagecodes.in/sundargarh/
List of Talukas in Anugul district for Village CodesTheOdisha Village Codesdirectory provides information onCensus codes of Talukas and Villages in Anugul district. This district is located in Odisha state of India and having district-code 384. The below code table helps you to browse the list of census code information taluka-wise.Sl. No.Tehsil NameCensus Taluka Code1Anugul030112Athmallik030173Banarpal030104Bantala030215Bhusan Steel Limited029956Bikrampur030087Chhendipada030148Colliery030079Handapa0301510Industrial0301311Jarapada0301212Kaniha0300313Khamar0300114Kiakata0301815Kishorenagar0301616N. T. P. C.0300417Nalco0300918Palalahada0300019Purunakot0302020Rengali Damsite0300221Samal Barrage0300522Talcher Sadar0300623Thakurgarh03019,,Unknown,Unknown,
Odisha Village Codes,,Unknown,Unknown,https://odisha.villagecodes.in/
Anugul,38403011,Unknown,Unknown,https://odisha.villagecodes.in/anugul/anugul-38403011/
Athmallik,38403017,Unknown,Unknown,https://odisha.villagecodes.in/anugul/athmallik-38403017/
Banarpal,38403010,Unknown,Unknown,https://odisha.villagecodes.in/anugul/banarpal-38403010/
Bantala,38403021,Unknown,Unknown,https://odisha.villagecodes.in/anugul/bantala-38403021/
Bhusan Steel Limited,38402995,Unknown,Unknown,https://odisha.villagecodes.in/anugul/bhusan-steel-limited-38402995/
Bikrampur,38403008,Unknown,Unknown,https://odisha.villagecodes.in/anugul/bikrampur-38403008/
Chhendipada,38403014,Unknown,Unknown,https://odisha.villagecodes.in/anugul/chhendipada-38403014/
Colliery,38403007,Unknown,Unknown,https://odisha.villagecodes.in/anugul/colliery-38403007/
Handapa,38403015,Unknown,Unknown,https://odisha.villagecodes.in/anugul/handapa-38403015/
Industrial,38403013,Unknown,Unknown,https://odisha.villagecodes.in/anugul/industrial-38403013/
Jarapada,38403012,Unknown,Unknown,https://odisha.villagecodes.in/anugul/jarapada-38403012/
Kaniha,38403003,Unknown,Unknown,https://odisha.villagecodes.in/anugul/kaniha-38403003/
Khamar,38403001,Unknown,Unknown,https://odisha.villagecodes.in/anugul/khamar-38403001/
Kiakata,38403018,Unknown,Unknown,https://odisha.villagecodes.in/anugul/kiakata-38403018/
Kishorenagar,38403016,Unknown,Unknown,https://odisha.villagecodes.in/anugul/kishorenagar-38403016/
N. T. P. C.,38403004,Unknown,Unknown,https://odisha.villagecodes.in/anugul/n-t-p-c-38403004/
Nalco,38403009,Unknown,Unknown,https://odisha.villagecodes.in/anugul/nalco-38403009/
Palalahada,38403000,Unknown,Unknown,https://odisha.villagecodes.in/anugul/palalahada-38403000/
Purunakot,38403020,Unknown,Unknown,https://odisha.villagecodes.in/anugul/purunakot-38403020/
Rengali Damsite,38403002,Unknown,Unknown,https://odisha.villagecodes.in/anugul/rengali-damsite-38403002/
Samal Barrage,38403005,Unknown,Unknown,https://odisha.villagecodes.in/anugul/samal-barrage-38403005/
Talcher Sadar,38403006,Unknown,Unknown,https://odisha.villagecodes.in/anugul/talcher-sadar-38403006/
Thakurgarh,38403019,Unknown,Unknown,https://odisha.villagecodes.in/anugul/thakurgarh-38403019/
List of Talukas in Balangir district for Village CodesTheOdisha Village Codesdirectory provides information onCensus codes of Talukas and Villages in Balangir district. This district is located in Odisha state of India and having district-code 393. The below code table helps you to browse the list of census code information taluka-wise.Sl. No.Tehsil NameCensus Taluka Code1Balangir031422Bangomunda031503Belpara031474Kantabanji031495Khaprakhol031456Loisinga031417Patnagarh031448Saintala031489Sindhekela0315110Titlagarh0315211Turekela0314612Tushura03143,,Unknown,Unknown,
Balangir,39303142,Unknown,Unknown,https://odisha.villagecodes.in/balangir/balangir-39303142/
Bangomunda,39303150,Unknown,Unknown,https://odisha.villagecodes.in/balangir/bangomunda-39303150/
Belpara,39303147,Unknown,Unknown,https://odisha.villagecodes.in/balangir/belpara-39303147/
Kantabanji,39303149,Unknown,Unknown,https://odisha.villagecodes.in/balangir/kantabanji-39303149/
Khaprakhol,39303145,Unknown,Unknown,https://odisha.villagecodes.in/balangir/khaprakhol-39303145/
Loisinga,39303141,Unknown,Unknown,https://odisha.villagecodes.in/balangir/loisinga-39303141/
Patnagarh,39303144,Unknown,Unknown,https://odisha.villagecodes.in/balangir/patnagarh-39303144/
Saintala,39303148,Unknown,Unknown,https://odisha.villagecodes.in/balangir/saintala-39303148/
Sindhekela,39303151,Unknown,Unknown,https://odisha.villagecodes.in/balangir/sindhekela-39303151/
Titlagarh,39303152,Unknown,Unknown,https://odisha.villagecodes.in/balangir/titlagarh-39303152/
Turekela,39303146,Unknown,Unknown,https://odisha.villagecodes.in/balangir/turekela-39303146/
Tushura,39303143,Unknown,Unknown,https://odisha.villagecodes.in/balangir/tushura-39303143/
List of Talukas in Baleshwar district for Village CodesTheOdisha Village Codesdirectory provides information onCensus codes of Talukas and Villages in Baleshwar district. This district is located in Odisha state of India and having district-code 377. The below code table helps you to browse the list of census code information taluka-wise.Sl. No.Tehsil NameCensus Taluka Code1Balaramgadi Marine029002Baleshwar Sadar028973Baliapal028934Bampada029015Basta028956Berhampur029047Bhograi028918Chandipur028999Jaleswar0289010Kamarda0289211Khaira0290612Nilagiri0290313Oupada0290514Raibania0288915Remuna0290216Rupsa0289617Sahadevkhunta0289818Similia0290819Singla0289420Soro02907,,Unknown,Unknown,
Balaramgadi Marine,37702900,Unknown,Unknown,https://odisha.villagecodes.in/baleshwar/balaramgadi-marine-37702900/
Baleshwar Sadar,37702897,Unknown,Unknown,https://odisha.villagecodes.in/baleshwar/baleshwar-sadar-37702897/
Baliapal,37702893,Unknown,Unknown,https://odisha.villagecodes.in/baleshwar/baliapal-37702893/
Bampada,37702901,Unknown,Unknown,https://odisha.villagecodes.in/baleshwar/bampada-37702901/
Basta,37702895,Unknown,Unknown,https://odisha.villagecodes.in/baleshwar/basta-37702895/
Berhampur,37702904,Unknown,Unknown,https://odisha.villagecodes.in/baleshwar/berhampur-37702904/
Bhograi,37702891,Unknown,Unknown,https://odisha.villagecodes.in/baleshwar/bhograi-37702891/
Chandipur,37702899,Unknown,Unknown,https://odisha.villagecodes.in/baleshwar/chandipur-37702899/
Jaleswar,37702890,Unknown,Unknown,https://odisha.villagecodes.in/baleshwar/jaleswar-37702890/
Kamarda,37702892,Unknown,Unknown,https://odisha.villagecodes.in/baleshwar/kamarda-37702892/
Khaira,37702906,Unknown,Unknown,https://odisha.villagecodes.in/baleshwar/khaira-37702906/
Nilagiri,37702903,Unknown,Unknown,https://odisha.villagecodes.in/baleshwar/nilagiri-37702903/
Oupada,37702905,Unknown,Unknown,https://odisha.villagecodes.in/baleshwar/oupada-37702905/
Raibania,37702889,Unknown,Unknown,https://odisha.villagecodes.in/baleshwar/raibania-37702889/
Remuna,37702902,Unknown,Unknown,https://odisha.villagecodes.in/baleshwar/remuna-37702902/
Rupsa,37702896,Unknown,Unknown,https://odisha.villagecodes.in/baleshwar/rupsa-37702896/
Sahadevkhunta,37702898,Unknown,Unknown,https://odisha.villagecodes.in/baleshwar/sahadevkhunta-37702898/
Similia,37702908,Unknown,Unknown,https://odisha.villagecodes.in/baleshwar/similia-37702908/
Singla,37702894,Unknown,Unknown,https://odisha.villagecodes.in/baleshwar/singla-37702894/
Soro,37702907,Unknown,Unknown,https://odisha.villagecodes.in/baleshwar/soro-37702907/
List of Talukas in Bargarh district for Village CodesTheOdisha Village Codesdirectory provides information onCensus codes of Talukas and Villages in Bargarh district. This district is located in Odisha state of India and having district-code 370. The below code table helps you to browse the list of census code information taluka-wise.Sl. No.Tehsil NameCensus Taluka Code1Ambabhona027682Attabira027693Barapali027634Bargarh027655Bargarh Sadar027666Bhatli027677Bheden027648Bijepur027629Burden0275810Gaisilet0275911Jharbandha0275612Melchhamunda0276013Padmapur0275714Paikamal0275515Sohela02761,,Unknown,Unknown,
Ambabhona,37002768,Unknown,Unknown,https://odisha.villagecodes.in/bargarh/ambabhona-37002768/
Attabira,37002769,Unknown,Unknown,https://odisha.villagecodes.in/bargarh/attabira-37002769/
Barapali,37002763,Unknown,Unknown,https://odisha.villagecodes.in/bargarh/barapali-37002763/
Bargarh,37002765,Unknown,Unknown,https://odisha.villagecodes.in/bargarh/bargarh-37002765/
Bargarh Sadar,37002766,Unknown,Unknown,https://odisha.villagecodes.in/bargarh/bargarh-sadar-37002766/
Bhatli,37002767,Unknown,Unknown,https://odisha.villagecodes.in/bargarh/bhatli-37002767/
Bheden,37002764,Unknown,Unknown,https://odisha.villagecodes.in/bargarh/bheden-37002764/
Bijepur,37002762,Unknown,Unknown,https://odisha.villagecodes.in/bargarh/bijepur-37002762/
Burden,37002758,Unknown,Unknown,https://odisha.villagecodes.in/bargarh/burden-37002758/
Gaisilet,37002759,Unknown,Unknown,https://odisha.villagecodes.in/bargarh/gaisilet-37002759/
Jharbandha,37002756,Unknown,Unknown,https://odisha.villagecodes.in/bargarh/jharbandha-37002756/
Melchhamunda,37002760,Unknown,Unknown,https://odisha.villagecodes.in/bargarh/melchhamunda-37002760/
Padmapur,37002757,Unknown,Unknown,https://odisha.villagecodes.in/bargarh/padmapur-37002757/
Paikamal,37002755,Unknown,Unknown,https://odisha.villagecodes.in/bargarh/paikamal-37002755/
Sohela,37002761,Unknown,Unknown,https://odisha.villagecodes.in/bargarh/sohela-37002761/
List of Talukas in Baudh district for Village CodesTheOdisha Village Codesdirectory provides information onCensus codes of Talukas and Villages in Baudh district. This district is located in Odisha state of India and having district-code 391. The below code table helps you to browse the list of census code information taluka-wise.Sl. No.Tehsil NameCensus Taluka Code1Baudh Sadar031302Baunsuni031293Harbhanga031324Kantamal031275Manamunda031286Puruna Katak03131,,Unknown,Unknown,
Baudh Sadar,39103130,Unknown,Unknown,https://odisha.villagecodes.in/baudh/baudh-sadar-39103130/
Baunsuni,39103129,Unknown,Unknown,https://odisha.villagecodes.in/baudh/baunsuni-39103129/
Harbhanga,39103132,Unknown,Unknown,https://odisha.villagecodes.in/baudh/harbhanga-39103132/
Kantamal,39103127,Unknown,Unknown,https://odisha.villagecodes.in/baudh/kantamal-39103127/
Manamunda,39103128,Unknown,Unknown,https://odisha.villagecodes.in/baudh/manamunda-39103128/
Puruna Katak,39103131,Unknown,Unknown,https://odisha.villagecodes.in/baudh/puruna-katak-39103131/
List of Talukas in Bhadrak district for Village CodesTheOdisha Village Codesdirectory provides information onCensus codes of Talukas and Villages in Bhadrak district. This district is located in Odisha state of India and having district-code 378. The below code table helps you to browse the list of census code information taluka-wise.Sl. No.Tehsil NameCensus Taluka Code1Agarpada029102Bansada029203Bant029114Basudebpur029155Bhadrak Rural029146Bhandari Pokhari029127Chandabali029198Dhamanagar029139Dhamara Marine0292110Dhusuri0291811Naikanidihi0291612Tihidi02917,,Unknown,Unknown,
Agarpada,37802910,Unknown,Unknown,https://odisha.villagecodes.in/bhadrak/agarpada-37802910/
Bansada,37802920,Unknown,Unknown,https://odisha.villagecodes.in/bhadrak/bansada-37802920/
Bant,37802911,Unknown,Unknown,https://odisha.villagecodes.in/bhadrak/bant-37802911/
Basudebpur,37802915,Unknown,Unknown,https://odisha.villagecodes.in/bhadrak/basudebpur-37802915/
Bhadrak Rural,37802914,Unknown,Unknown,https://odisha.villagecodes.in/bhadrak/bhadrak-rural-37802914/
Bhandari Pokhari,37802912,Unknown,Unknown,https://odisha.villagecodes.in/bhadrak/bhandari-pokhari-37802912/
Chandabali,37802919,Unknown,Unknown,https://odisha.villagecodes.in/bhadrak/chandabali-37802919/
Dhamanagar,37802913,Unknown,Unknown,https://odisha.villagecodes.in/bhadrak/dhamanagar-37802913/
Dhamara Marine,37802921,Unknown,Unknown,https://odisha.villagecodes.in/bhadrak/dhamara-marine-37802921/
Dhusuri,37802918,Unknown,Unknown,https://odisha.villagecodes.in/bhadrak/dhusuri-37802918/
Naikanidihi,37802916,Unknown,Unknown,https://odisha.villagecodes.in/bhadrak/naikanidihi-37802916/
Tihidi,37802917,Unknown,Unknown,https://odisha.villagecodes.in/bhadrak/tihidi-37802917/
List of Talukas in Cuttack district for Village CodesTheOdisha Village Codesdirectory provides information onCensus codes of Talukas and Villages in Cuttack district. This district is located in Odisha state of India and having district-code 381. The below code table helps you to browse the list of census code information taluka-wise.Sl. No.Tehsil NameCensus Taluka Code1Athagad029502Badamba029463Baidyeswar029474Banki029485Barang029516C. R. R. I.029647Choudwar029548Cuttack Sadar029629Gobindpur0296510Gurudijhatia0295211Jagatpur0296112Kandarpur0296313Kanpur0294514Khuntuni0295315Kishannagar0296016Mahanga0295617Narasinghpur0294418Nemalo0295919Niali0296720Nischintakoili0295821Olatapur0296622Salepur0295723Tangi0295524Tigiria02949,,Unknown,Unknown,
Athagad,38102950,Unknown,Unknown,https://odisha.villagecodes.in/cuttack/athagad-38102950/
Badamba,38102946,Unknown,Unknown,https://odisha.villagecodes.in/cuttack/badamba-38102946/
Baidyeswar,38102947,Unknown,Unknown,https://odisha.villagecodes.in/cuttack/baidyeswar-38102947/
Banki,38102948,Unknown,Unknown,https://odisha.villagecodes.in/cuttack/banki-38102948/
Barang,38102951,Unknown,Unknown,https://odisha.villagecodes.in/cuttack/barang-38102951/
C. R. R. I.,38102964,Unknown,Unknown,https://odisha.villagecodes.in/cuttack/c-r-r-i-38102964/
Choudwar,38102954,Unknown,Unknown,https://odisha.villagecodes.in/cuttack/choudwar-38102954/
Cuttack Sadar,38102962,Unknown,Unknown,https://odisha.villagecodes.in/cuttack/cuttack-sadar-38102962/
Gobindpur,38102965,Unknown,Unknown,https://odisha.villagecodes.in/cuttack/gobindpur-38102965/
Gurudijhatia,38102952,Unknown,Unknown,https://odisha.villagecodes.in/cuttack/gurudijhatia-38102952/
Jagatpur,38102961,Unknown,Unknown,https://odisha.villagecodes.in/cuttack/jagatpur-38102961/
Kandarpur,38102963,Unknown,Unknown,https://odisha.villagecodes.in/cuttack/kandarpur-38102963/
Kanpur,38102945,Unknown,Unknown,https://odisha.villagecodes.in/cuttack/kanpur-38102945/
Khuntuni,38102953,Unknown,Unknown,https://odisha.villagecodes.in/cuttack/khuntuni-38102953/
Kishannagar,38102960,Unknown,Unknown,https://odisha.villagecodes.in/cuttack/kishannagar-38102960/
Mahanga,38102956,Unknown,Unknown,https://odisha.villagecodes.in/cuttack/mahanga-38102956/
Narasinghpur,38102944,Unknown,Unknown,https://odisha.villagecodes.in/cuttack/narasinghpur-38102944/
Nemalo,38102959,Unknown,Unknown,https://odisha.villagecodes.in/cuttack/nemalo-38102959/
Niali,38102967,Unknown,Unknown,https://odisha.villagecodes.in/cuttack/niali-38102967/
Nischintakoili,38102958,Unknown,Unknown,https://odisha.villagecodes.in/cuttack/nischintakoili-38102958/
Olatapur,38102966,Unknown,Unknown,https://odisha.villagecodes.in/cuttack/olatapur-38102966/
Salepur,38102957,Unknown,Unknown,https://odisha.villagecodes.in/cuttack/salepur-38102957/
Tangi,38102955,Unknown,Unknown,https://odisha.villagecodes.in/cuttack/tangi-38102955/
Tigiria,38102949,Unknown,Unknown,https://odisha.villagecodes.in/cuttack/tigiria-38102949/
List of Talukas in Debagarh district for Village CodesTheOdisha Village Codesdirectory provides information onCensus codes of Talukas and Villages in Debagarh district. This district is located in Odisha state of India and having district-code 373. The below code table helps you to browse the list of census code information taluka-wise.Sl. No.Tehsil NameCensus Taluka Code1Barkot028012Debagarh028003Kundheigola028024Reamal02803,,Unknown,Unknown,
Barkot,37302801,Unknown,Unknown,https://odisha.villagecodes.in/debagarh/barkot-37302801/
Debagarh,37302800,Unknown,Unknown,https://odisha.villagecodes.in/debagarh/debagarh-37302800/
Kundheigola,37302802,Unknown,Unknown,https://odisha.villagecodes.in/debagarh/kundheigola-37302802/
Reamal,37302803,Unknown,Unknown,https://odisha.villagecodes.in/debagarh/reamal-37302803/
List of Talukas in Dhenkanal district for Village CodesTheOdisha Village Codesdirectory provides information onCensus codes of Talukas and Villages in Dhenkanal district. This district is located in Odisha state of India and having district-code 383. The below code table helps you to browse the list of census code information taluka-wise.Sl. No.Tehsil NameCensus Taluka Code1Balimi029962Bhuban029903Bhusan Steel Limited029954Dhenkanal Sadar029995Gandia029916Hindol029977Kamakshyanagar029888Kankadahad029899Motunga0299410Nihalprasad0299211Parajang0298712Rasol0299813Tumusingha02993,,Unknown,Unknown,
Balimi,38302996,Unknown,Unknown,https://odisha.villagecodes.in/dhenkanal/balimi-38302996/
Bhuban,38302990,Unknown,Unknown,https://odisha.villagecodes.in/dhenkanal/bhuban-38302990/
Bhusan Steel Limited,38302995,Unknown,Unknown,https://odisha.villagecodes.in/dhenkanal/bhusan-steel-limited-38302995/
Dhenkanal Sadar,38302999,Unknown,Unknown,https://odisha.villagecodes.in/dhenkanal/dhenkanal-sadar-38302999/
Gandia,38302991,Unknown,Unknown,https://odisha.villagecodes.in/dhenkanal/gandia-38302991/
Hindol,38302997,Unknown,Unknown,https://odisha.villagecodes.in/dhenkanal/hindol-38302997/
Kamakshyanagar,38302988,Unknown,Unknown,https://odisha.villagecodes.in/dhenkanal/kamakshyanagar-38302988/
Kankadahad,38302989,Unknown,Unknown,https://odisha.villagecodes.in/dhenkanal/kankadahad-38302989/
Motunga,38302994,Unknown,Unknown,https://odisha.villagecodes.in/dhenkanal/motunga-38302994/
Nihalprasad,38302992,Unknown,Unknown,https://odisha.villagecodes.in/dhenkanal/nihalprasad-38302992/
Parajang,38302987,Unknown,Unknown,https://odisha.villagecodes.in/dhenkanal/parajang-38302987/
Rasol,38302998,Unknown,Unknown,https://odisha.villagecodes.in/dhenkanal/rasol-38302998/
Tumusingha,38302993,Unknown,Unknown,https://odisha.villagecodes.in/dhenkanal/tumusingha-38302993/
List of Talukas in Gajapati district for Village CodesTheOdisha Village Codesdirectory provides information onCensus codes of Talukas and Villages in Gajapati district. This district is located in Odisha state of India and having district-code 389. The below code table helps you to browse the list of census code information taluka-wise.Sl. No.Tehsil NameCensus Taluka Code1Adva031002Garabandha031083Gurandi031064Kashinagara031045Mohana031016Parlakhemundi031057R. Udaygiri031028Ramagiri031099Rayagada0310710Serango03103,,Unknown,Unknown,
Adva,38903100,Unknown,Unknown,https://odisha.villagecodes.in/gajapati/adva-38903100/
Garabandha,38903108,Unknown,Unknown,https://odisha.villagecodes.in/gajapati/garabandha-38903108/
Gurandi,38903106,Unknown,Unknown,https://odisha.villagecodes.in/gajapati/gurandi-38903106/
Kashinagara,38903104,Unknown,Unknown,https://odisha.villagecodes.in/gajapati/kashinagara-38903104/
Mohana,38903101,Unknown,Unknown,https://odisha.villagecodes.in/gajapati/mohana-38903101/
Parlakhemundi,38903105,Unknown,Unknown,https://odisha.villagecodes.in/gajapati/parlakhemundi-38903105/
R. Udaygiri,38903102,Unknown,Unknown,https://odisha.villagecodes.in/gajapati/r-udaygiri-38903102/
Ramagiri,38903109,Unknown,Unknown,https://odisha.villagecodes.in/gajapati/ramagiri-38903109/
Rayagada,38903107,Unknown,Unknown,https://odisha.villagecodes.in/gajapati/rayagada-38903107/
Serango,38903103,Unknown,Unknown,https://odisha.villagecodes.in/gajapati/serango-38903103/
List of Talukas in Ganjam district for Village CodesTheOdisha Village Codesdirectory provides information onCensus codes of Talukas and Villages in Ganjam district. This district is located in Odisha state of India and having district-code 388. The below code table helps you to browse the list of census code information taluka-wise.Sl. No.Tehsil NameCensus Taluka Code1Asika030782Badagada030773Bhanjanagar030744Brahmapur Sadar030935Buguda030726Chamakhandi030877Chhatrapur030858Dharakote030799Digapahandi0309610Gangapur0307511Ganjam0308612Golanthara0309513Gopalpur0309414Hinjili0309015Jagannath Prasad0307316Jarada0309817Kabisuryanagar0308018Khalikote0308319Kodala0308220Nuagaon0309721Patapur0309122Polasara0308123Purusottampur0308924Ramagiri0310925Rambha0308426Seragad0309227Surada0307628Tarasingi03071,,Unknown,Unknown,
Asika,38803078,Unknown,Unknown,https://odisha.villagecodes.in/ganjam/asika-38803078/
Badagada,38803077,Unknown,Unknown,https://odisha.villagecodes.in/ganjam/badagada-38803077/
Bhanjanagar,38803074,Unknown,Unknown,https://odisha.villagecodes.in/ganjam/bhanjanagar-38803074/
Brahmapur Sadar,38803093,Unknown,Unknown,https://odisha.villagecodes.in/ganjam/brahmapur-sadar-38803093/
Buguda,38803072,Unknown,Unknown,https://odisha.villagecodes.in/ganjam/buguda-38803072/
Chamakhandi,38803087,Unknown,Unknown,https://odisha.villagecodes.in/ganjam/chamakhandi-38803087/
Chhatrapur,38803085,Unknown,Unknown,https://odisha.villagecodes.in/ganjam/chhatrapur-38803085/
Dharakote,38803079,Unknown,Unknown,https://odisha.villagecodes.in/ganjam/dharakote-38803079/
Digapahandi,38803096,Unknown,Unknown,https://odisha.villagecodes.in/ganjam/digapahandi-38803096/
Gangapur,38803075,Unknown,Unknown,https://odisha.villagecodes.in/ganjam/gangapur-38803075/
Ganjam,38803086,Unknown,Unknown,https://odisha.villagecodes.in/ganjam/ganjam-38803086/
Golanthara,38803095,Unknown,Unknown,https://odisha.villagecodes.in/ganjam/golanthara-38803095/
Gopalpur,38803094,Unknown,Unknown,https://odisha.villagecodes.in/ganjam/gopalpur-38803094/
Hinjili,38803090,Unknown,Unknown,https://odisha.villagecodes.in/ganjam/hinjili-38803090/
Jagannath Prasad,38803073,Unknown,Unknown,https://odisha.villagecodes.in/ganjam/jagannath-prasad-38803073/
Jarada,38803098,Unknown,Unknown,https://odisha.villagecodes.in/ganjam/jarada-38803098/
Kabisuryanagar,38803080,Unknown,Unknown,https://odisha.villagecodes.in/ganjam/kabisuryanagar-38803080/
Khalikote,38803083,Unknown,Unknown,https://odisha.villagecodes.in/ganjam/khalikote-38803083/
Kodala,38803082,Unknown,Unknown,https://odisha.villagecodes.in/ganjam/kodala-38803082/
Nuagaon,38803097,Unknown,Unknown,https://odisha.villagecodes.in/ganjam/nuagaon-38803097/
Patapur,38803091,Unknown,Unknown,https://odisha.villagecodes.in/ganjam/patapur-38803091/
Polasara,38803081,Unknown,Unknown,https://odisha.villagecodes.in/ganjam/polasara-38803081/
Purusottampur,38803089,Unknown,Unknown,https://odisha.villagecodes.in/ganjam/purusottampur-38803089/
Ramagiri,38803109,Unknown,Unknown,https://odisha.villagecodes.in/ganjam/ramagiri-38803109/
Rambha,38803084,Unknown,Unknown,https://odisha.villagecodes.in/ganjam/rambha-38803084/
Seragad,38803092,Unknown,Unknown,https://odisha.villagecodes.in/ganjam/seragad-38803092/
Surada,38803076,Unknown,Unknown,https://odisha.villagecodes.in/ganjam/surada-38803076/
Tarasingi,38803071,Unknown,Unknown,https://odisha.villagecodes.in/ganjam/tarasingi-38803071/
List of Talukas in Jagatsinghapur district for Village CodesTheOdisha Village Codesdirectory provides information onCensus codes of Talukas and Villages in Jagatsinghapur district. This district is located in Odisha state of India and having district-code 380. The below code table helps you to browse the list of census code information taluka-wise.Sl. No.Tehsil NameCensus Taluka Code1Abhyachandpur029372Balikuda029433Biridi029414Ersama029385Jagatsinghapur029406Kujang029367Naugaon029428Paradeep Lock029359Paradip0293410Tirtol02939,,Unknown,Unknown,
Abhyachandpur,38002937,Unknown,Unknown,https://odisha.villagecodes.in/jagatsinghapur/abhyachandpur-38002937/
Balikuda,38002943,Unknown,Unknown,https://odisha.villagecodes.in/jagatsinghapur/balikuda-38002943/
Biridi,38002941,Unknown,Unknown,https://odisha.villagecodes.in/jagatsinghapur/biridi-38002941/
Ersama,38002938,Unknown,Unknown,https://odisha.villagecodes.in/jagatsinghapur/ersama-38002938/
Jagatsinghapur,38002940,Unknown,Unknown,https://odisha.villagecodes.in/jagatsinghapur/jagatsinghapur-38002940/
Kujang,38002936,Unknown,Unknown,https://odisha.villagecodes.in/jagatsinghapur/kujang-38002936/
Naugaon,38002942,Unknown,Unknown,https://odisha.villagecodes.in/jagatsinghapur/naugaon-38002942/
Paradeep Lock,38002935,Unknown,Unknown,https://odisha.villagecodes.in/jagatsinghapur/paradeep-lock-38002935/
Paradip,38002934,Unknown,Unknown,https://odisha.villagecodes.in/jagatsinghapur/paradip-38002934/
Tirtol,38002939,Unknown,Unknown,https://odisha.villagecodes.in/jagatsinghapur/tirtol-38002939/
List of Talukas in Jajapur district for Village CodesTheOdisha Village Codesdirectory provides information onCensus codes of Talukas and Villages in Jajapur district. This district is located in Odisha state of India and having district-code 382. The below code table helps you to browse the list of census code information taluka-wise.Sl. No.Tehsil NameCensus Taluka Code1Badachana029822Balichandrapur029833Bari  -  Ramachandrapur029854Binjharpur029845Dharmasala029796Jajapur029777Jajapur Road029748Jajpur Sadar029789Jakhapura0297310Jenapur0298011Kaliapani0297112Kalinganagar0297213Korai0297514Kuakhia0298115Mangalpur0298616Panikoili0297617Sukinda0296918Tomka02970,,Unknown,Unknown,
Badachana,38202982,Unknown,Unknown,https://odisha.villagecodes.in/jajapur/badachana-38202982/
Balichandrapur,38202983,Unknown,Unknown,https://odisha.villagecodes.in/jajapur/balichandrapur-38202983/
Bari  -  Ramachandrapur,38202985,Unknown,Unknown,https://odisha.villagecodes.in/jajapur/bari-ramachandrapur-38202985/
Binjharpur,38202984,Unknown,Unknown,https://odisha.villagecodes.in/jajapur/binjharpur-38202984/
Dharmasala,38202979,Unknown,Unknown,https://odisha.villagecodes.in/jajapur/dharmasala-38202979/
Jajapur,38202977,Unknown,Unknown,https://odisha.villagecodes.in/jajapur/jajapur-38202977/
Jajapur Road,38202974,Unknown,Unknown,https://odisha.villagecodes.in/jajapur/jajapur-road-38202974/
Jajpur Sadar,38202978,Unknown,Unknown,https://odisha.villagecodes.in/jajapur/jajpur-sadar-38202978/
Jakhapura,38202973,Unknown,Unknown,https://odisha.villagecodes.in/jajapur/jakhapura-38202973/
Jenapur,38202980,Unknown,Unknown,https://odisha.villagecodes.in/jajapur/jenapur-38202980/
Kaliapani,38202971,Unknown,Unknown,https://odisha.villagecodes.in/jajapur/kaliapani-38202971/
Kalinganagar,38202972,Unknown,Unknown,https://odisha.villagecodes.in/jajapur/kalinganagar-38202972/
Korai,38202975,Unknown,Unknown,https://odisha.villagecodes.in/jajapur/korai-38202975/
Kuakhia,38202981,Unknown,Unknown,https://odisha.villagecodes.in/jajapur/kuakhia-38202981/
Mangalpur,38202986,Unknown,Unknown,https://odisha.villagecodes.in/jajapur/mangalpur-38202986/
Panikoili,38202976,Unknown,Unknown,https://odisha.villagecodes.in/jajapur/panikoili-38202976/
Sukinda,38202969,Unknown,Unknown,https://odisha.villagecodes.in/jajapur/sukinda-38202969/
Tomka,38202970,Unknown,Unknown,https://odisha.villagecodes.in/jajapur/tomka-38202970/
List of Talukas in Jharsuguda district for Village CodesTheOdisha Village Codesdirectory provides information onCensus codes of Talukas and Villages in Jharsuguda district. This district is located in Odisha state of India and having district-code 371. The below code table helps you to browse the list of census code information taluka-wise.Sl. No.Tehsil NameCensus Taluka Code1Badmal027772Banaharapali027733Belpahar027724Brajarajnagar027755Jharsuguda027766Kolabira027797Laikera027788Lakhanpur027719Orient0277410Rengali02770,,Unknown,Unknown,
Badmal,37102777,Unknown,Unknown,https://odisha.villagecodes.in/jharsuguda/badmal-37102777/
Banaharapali,37102773,Unknown,Unknown,https://odisha.villagecodes.in/jharsuguda/banaharapali-37102773/
Belpahar,37102772,Unknown,Unknown,https://odisha.villagecodes.in/jharsuguda/belpahar-37102772/
Brajarajnagar,37102775,Unknown,Unknown,https://odisha.villagecodes.in/jharsuguda/brajarajnagar-37102775/
Jharsuguda,37102776,Unknown,Unknown,https://odisha.villagecodes.in/jharsuguda/jharsuguda-37102776/
Kolabira,37102779,Unknown,Unknown,https://odisha.villagecodes.in/jharsuguda/kolabira-37102779/
Laikera,37102778,Unknown,Unknown,https://odisha.villagecodes.in/jharsuguda/laikera-37102778/
Lakhanpur,37102771,Unknown,Unknown,https://odisha.villagecodes.in/jharsuguda/lakhanpur-37102771/
Orient,37102774,Unknown,Unknown,https://odisha.villagecodes.in/jharsuguda/orient-37102774/
Rengali,37102770,Unknown,Unknown,https://odisha.villagecodes.in/jharsuguda/rengali-37102770/
List of Talukas in Kalahandi district for Village CodesTheOdisha Village Codesdirectory provides information onCensus codes of Talukas and Villages in Kalahandi district. This district is located in Odisha state of India and having district-code 395. The below code table helps you to browse the list of census code information taluka-wise.Sl. No.Tehsil NameCensus Taluka Code1Biswanathpur031632Dharamgarh031683Golamunda031674Jayapatna031705Junagarh031666Kegaon031657Kesinga031598Kokasara031699Lanjigarh0316210Madanpur Rampur0316011Narala0316112Sadar0316413Thuamul Rampur03171,,Unknown,Unknown,
Biswanathpur,39503163,Unknown,Unknown,https://odisha.villagecodes.in/kalahandi/biswanathpur-39503163/
Dharamgarh,39503168,Unknown,Unknown,https://odisha.villagecodes.in/kalahandi/dharamgarh-39503168/
Golamunda,39503167,Unknown,Unknown,https://odisha.villagecodes.in/kalahandi/golamunda-39503167/
Jayapatna,39503170,Unknown,Unknown,https://odisha.villagecodes.in/kalahandi/jayapatna-39503170/
Junagarh,39503166,Unknown,Unknown,https://odisha.villagecodes.in/kalahandi/junagarh-39503166/
Kegaon,39503165,Unknown,Unknown,https://odisha.villagecodes.in/kalahandi/kegaon-39503165/
Kesinga,39503159,Unknown,Unknown,https://odisha.villagecodes.in/kalahandi/kesinga-39503159/
Kokasara,39503169,Unknown,Unknown,https://odisha.villagecodes.in/kalahandi/kokasara-39503169/
Lanjigarh,39503162,Unknown,Unknown,https://odisha.villagecodes.in/kalahandi/lanjigarh-39503162/
Madanpur Rampur,39503160,Unknown,Unknown,https://odisha.villagecodes.in/kalahandi/madanpur-rampur-39503160/
Narala,39503161,Unknown,Unknown,https://odisha.villagecodes.in/kalahandi/narala-39503161/
Sadar,39503164,Unknown,Unknown,https://odisha.villagecodes.in/kalahandi/sadar-39503164/
Thuamul Rampur,39503171,Unknown,Unknown,https://odisha.villagecodes.in/kalahandi/thuamul-rampur-39503171/
List of Talukas in Kandhamal district for Village CodesTheOdisha Village Codesdirectory provides information onCensus codes of Talukas and Villages in Kandhamal district. This district is located in Odisha state of India and having district-code 390. The below code table helps you to browse the list of census code information taluka-wise.Sl. No.Tehsil NameCensus Taluka Code1Baliguda031192Belaghar031223Brahmanigaon031244Chakapada031165Daringbadi031256G. Udayagiri031147Gochhapada031108Khajuripada031139Kotagarh0312310Nuagaon0312011Phiringia0311812Phulabani0311113Phulabani Town0311214Raikia0312615Sarangagarh0311716Tikabali0311517Tumudibandha03121,,Unknown,Unknown,
Baliguda,39003119,Unknown,Unknown,https://odisha.villagecodes.in/kandhamal/baliguda-39003119/
Belaghar,39003122,Unknown,Unknown,https://odisha.villagecodes.in/kandhamal/belaghar-39003122/
Brahmanigaon,39003124,Unknown,Unknown,https://odisha.villagecodes.in/kandhamal/brahmanigaon-39003124/
Chakapada,39003116,Unknown,Unknown,https://odisha.villagecodes.in/kandhamal/chakapada-39003116/
Daringbadi,39003125,Unknown,Unknown,https://odisha.villagecodes.in/kandhamal/daringbadi-39003125/
G. Udayagiri,39003114,Unknown,Unknown,https://odisha.villagecodes.in/kandhamal/g-udayagiri-39003114/
Gochhapada,39003110,Unknown,Unknown,https://odisha.villagecodes.in/kandhamal/gochhapada-39003110/
Khajuripada,39003113,Unknown,Unknown,https://odisha.villagecodes.in/kandhamal/khajuripada-39003113/
Kotagarh,39003123,Unknown,Unknown,https://odisha.villagecodes.in/kandhamal/kotagarh-39003123/
Nuagaon,39003120,Unknown,Unknown,https://odisha.villagecodes.in/kandhamal/nuagaon-39003120/
Phiringia,39003118,Unknown,Unknown,https://odisha.villagecodes.in/kandhamal/phiringia-39003118/
Phulabani,39003111,Unknown,Unknown,https://odisha.villagecodes.in/kandhamal/phulabani-39003111/
Phulabani Town,39003112,Unknown,Unknown,https://odisha.villagecodes.in/kandhamal/phulabani-town-39003112/
Raikia,39003126,Unknown,Unknown,https://odisha.villagecodes.in/kandhamal/raikia-39003126/
Sarangagarh,39003117,Unknown,Unknown,https://odisha.villagecodes.in/kandhamal/sarangagarh-39003117/
Tikabali,39003115,Unknown,Unknown,https://odisha.villagecodes.in/kandhamal/tikabali-39003115/
Tumudibandha,39003121,Unknown,Unknown,https://odisha.villagecodes.in/kandhamal/tumudibandha-39003121/
List of Talukas in Kendrapara district for Village CodesTheOdisha Village Codesdirectory provides information onCensus codes of Talukas and Villages in Kendrapara district. This district is located in Odisha state of India and having district-code 379. The below code table helps you to browse the list of census code information taluka-wise.Sl. No.Tehsil NameCensus Taluka Code1Aali029252Derabish029303Jamboo Marine029244Kendrapara Sadar029285Mahakalapada029336Marsaghai029327Nikirai029298Patkura029319Pattamundai0292610Rajkanika0292211Rajnagar02923,,Unknown,Unknown,
Aali,37902925,Unknown,Unknown,https://odisha.villagecodes.in/kendrapara/aali-37902925/
Derabish,37902930,Unknown,Unknown,https://odisha.villagecodes.in/kendrapara/derabish-37902930/
Jamboo Marine,37902924,Unknown,Unknown,https://odisha.villagecodes.in/kendrapara/jamboo-marine-37902924/
Kendrapara Sadar,37902928,Unknown,Unknown,https://odisha.villagecodes.in/kendrapara/kendrapara-sadar-37902928/
Mahakalapada,37902933,Unknown,Unknown,https://odisha.villagecodes.in/kendrapara/mahakalapada-37902933/
Marsaghai,37902932,Unknown,Unknown,https://odisha.villagecodes.in/kendrapara/marsaghai-37902932/
Nikirai,37902929,Unknown,Unknown,https://odisha.villagecodes.in/kendrapara/nikirai-37902929/
Patkura,37902931,Unknown,Unknown,https://odisha.villagecodes.in/kendrapara/patkura-37902931/
Pattamundai,37902926,Unknown,Unknown,https://odisha.villagecodes.in/kendrapara/pattamundai-37902926/
Rajkanika,37902922,Unknown,Unknown,https://odisha.villagecodes.in/kendrapara/rajkanika-37902922/
Rajnagar,37902923,Unknown,Unknown,https://odisha.villagecodes.in/kendrapara/rajnagar-37902923/
List of Talukas in Kendujhar district for Village CodesTheOdisha Village Codesdirectory provides information onCensus codes of Talukas and Villages in Kendujhar district. This district is located in Odisha state of India and having district-code 375. The below code table helps you to browse the list of census code information taluka-wise.Sl. No.Tehsil NameCensus Taluka Code1Anandapur028542Bamebari028383Barbil028344Baria028415Bolani028356Champua028397Daitari028528Ghasipura028539Ghatgaon0285010Harichandanpur0285111Jhumpura0284012Joda0283713Kanjipani0284714Kendujhar Sadar0284415Kendujhar Town0284516Nandipada0285617Nayakote0284618Pandapara0284919Patana0284320Rugudi0283621Sainkul0285722Soso0285523Telkoi0284824Turumunga02842,,Unknown,Unknown,
Anandapur,37502854,Unknown,Unknown,https://odisha.villagecodes.in/kendujhar/anandapur-37502854/
Bamebari,37502838,Unknown,Unknown,https://odisha.villagecodes.in/kendujhar/bamebari-37502838/
Barbil,37502834,Unknown,Unknown,https://odisha.villagecodes.in/kendujhar/barbil-37502834/
Baria,37502841,Unknown,Unknown,https://odisha.villagecodes.in/kendujhar/baria-37502841/
Bolani,37502835,Unknown,Unknown,https://odisha.villagecodes.in/kendujhar/bolani-37502835/
Champua,37502839,Unknown,Unknown,https://odisha.villagecodes.in/kendujhar/champua-37502839/
Daitari,37502852,Unknown,Unknown,https://odisha.villagecodes.in/kendujhar/daitari-37502852/
Ghasipura,37502853,Unknown,Unknown,https://odisha.villagecodes.in/kendujhar/ghasipura-37502853/
Ghatgaon,37502850,Unknown,Unknown,https://odisha.villagecodes.in/kendujhar/ghatgaon-37502850/
Harichandanpur,37502851,Unknown,Unknown,https://odisha.villagecodes.in/kendujhar/harichandanpur-37502851/
Jhumpura,37502840,Unknown,Unknown,https://odisha.villagecodes.in/kendujhar/jhumpura-37502840/
Joda,37502837,Unknown,Unknown,https://odisha.villagecodes.in/kendujhar/joda-37502837/
Kanjipani,37502847,Unknown,Unknown,https://odisha.villagecodes.in/kendujhar/kanjipani-37502847/
Kendujhar Sadar,37502844,Unknown,Unknown,https://odisha.villagecodes.in/kendujhar/kendujhar-sadar-37502844/
Kendujhar Town,37502845,Unknown,Unknown,https://odisha.villagecodes.in/kendujhar/kendujhar-town-37502845/
Nandipada,37502856,Unknown,Unknown,https://odisha.villagecodes.in/kendujhar/nandipada-37502856/
Nayakote,37502846,Unknown,Unknown,https://odisha.villagecodes.in/kendujhar/nayakote-37502846/
Pandapara,37502849,Unknown,Unknown,https://odisha.villagecodes.in/kendujhar/pandapara-37502849/
Patana,37502843,Unknown,Unknown,https://odisha.villagecodes.in/kendujhar/patana-37502843/
Rugudi,37502836,Unknown,Unknown,https://odisha.villagecodes.in/kendujhar/rugudi-37502836/
Sainkul,37502857,Unknown,Unknown,https://odisha.villagecodes.in/kendujhar/sainkul-37502857/
Soso,37502855,Unknown,Unknown,https://odisha.villagecodes.in/kendujhar/soso-37502855/
Telkoi,37502848,Unknown,Unknown,https://odisha.villagecodes.in/kendujhar/telkoi-37502848/
Turumunga,37502842,Unknown,Unknown,https://odisha.villagecodes.in/kendujhar/turumunga-37502842/
List of Talukas in Khordha district for Village CodesTheOdisha Village Codesdirectory provides information onCensus codes of Talukas and Villages in Khordha district. This district is located in Odisha state of India and having district-code 386. The below code table helps you to browse the list of census code information taluka-wise.Sl. No.Tehsil NameCensus Taluka Code1Airfield (Kapila Prasad)030452Balianta030423Balipatna030434Balugaon030535Banapur030546Begunia030357Bolagad030348Chandaka030389Jankia0305010Jatani0304911Khandagiri0304712Khordha0303613Khordha Sadar0303714Lingaraj0304415Mancheswar0304116Nandankanan0303917Nirakarpur0305118Tamando0304819Tangi0305220Uttara P. S03046,,Unknown,Unknown,
Airfield (Kapila Prasad),38603045,Unknown,Unknown,https://odisha.villagecodes.in/khordha/airfield-kapila-prasad-38603045/
Balianta,38603042,Unknown,Unknown,https://odisha.villagecodes.in/khordha/balianta-38603042/
Balipatna,38603043,Unknown,Unknown,https://odisha.villagecodes.in/khordha/balipatna-38603043/
Balugaon,38603053,Unknown,Unknown,https://odisha.villagecodes.in/khordha/balugaon-38603053/
Banapur,38603054,Unknown,Unknown,https://odisha.villagecodes.in/khordha/banapur-38603054/
Begunia,38603035,Unknown,Unknown,https://odisha.villagecodes.in/khordha/begunia-38603035/
Bolagad,38603034,Unknown,Unknown,https://odisha.villagecodes.in/khordha/bolagad-38603034/
Chandaka,38603038,Unknown,Unknown,https://odisha.villagecodes.in/khordha/chandaka-38603038/
Jankia,38603050,Unknown,Unknown,https://odisha.villagecodes.in/khordha/jankia-38603050/
Jatani,38603049,Unknown,Unknown,https://odisha.villagecodes.in/khordha/jatani-38603049/
Khandagiri,38603047,Unknown,Unknown,https://odisha.villagecodes.in/khordha/khandagiri-38603047/
Khordha,38603036,Unknown,Unknown,https://odisha.villagecodes.in/khordha/khordha-38603036/
Khordha Sadar,38603037,Unknown,Unknown,https://odisha.villagecodes.in/khordha/khordha-sadar-38603037/
Lingaraj,38603044,Unknown,Unknown,https://odisha.villagecodes.in/khordha/lingaraj-38603044/
Mancheswar,38603041,Unknown,Unknown,https://odisha.villagecodes.in/khordha/mancheswar-38603041/
Nandankanan,38603039,Unknown,Unknown,https://odisha.villagecodes.in/khordha/nandankanan-38603039/
Nirakarpur,38603051,Unknown,Unknown,https://odisha.villagecodes.in/khordha/nirakarpur-38603051/
Tamando,38603048,Unknown,Unknown,https://odisha.villagecodes.in/khordha/tamando-38603048/
Tangi,38603052,Unknown,Unknown,https://odisha.villagecodes.in/khordha/tangi-38603052/
Uttara P. S,38603046,Unknown,Unknown,https://odisha.villagecodes.in/khordha/uttara-p-s-38603046/
List of Talukas in Koraput district for Village CodesTheOdisha Village Codesdirectory provides information onCensus codes of Talukas and Villages in Koraput district. This district is located in Odisha state of India and having district-code 398. The below code table helps you to browse the list of census code information taluka-wise.Sl. No.Tehsil NameCensus Taluka Code1Bandhugaon032052Bhairabsingipur032013Boipariguda032114Boriguma032005Damonjodi032176Dasamantapur032027Jeypore032098Kakiriguma032069Koraput0320710Koraput Town0320811Kotiya0321912Kotpad0319913Kundura0321014Lakshmipur0320315Machh Kund0321216Nandapur0321417Narayanpatana0320418Padua0321319Pottangi0321820Similiguda0321521Sunabeda03216,,Unknown,Unknown,
Bandhugaon,39803205,Unknown,Unknown,https://odisha.villagecodes.in/koraput/bandhugaon-39803205/
Bhairabsingipur,39803201,Unknown,Unknown,https://odisha.villagecodes.in/koraput/bhairabsingipur-39803201/
Boipariguda,39803211,Unknown,Unknown,https://odisha.villagecodes.in/koraput/boipariguda-39803211/
Boriguma,39803200,Unknown,Unknown,https://odisha.villagecodes.in/koraput/boriguma-39803200/
Damonjodi,39803217,Unknown,Unknown,https://odisha.villagecodes.in/koraput/damonjodi-39803217/
Dasamantapur,39803202,Unknown,Unknown,https://odisha.villagecodes.in/koraput/dasamantapur-39803202/
Jeypore,39803209,Unknown,Unknown,https://odisha.villagecodes.in/koraput/jeypore-39803209/
Kakiriguma,39803206,Unknown,Unknown,https://odisha.villagecodes.in/koraput/kakiriguma-39803206/
Koraput,39803207,Unknown,Unknown,https://odisha.villagecodes.in/koraput/koraput-39803207/
Koraput Town,39803208,Unknown,Unknown,https://odisha.villagecodes.in/koraput/koraput-town-39803208/
Kotiya,39803219,Unknown,Unknown,https://odisha.villagecodes.in/koraput/kotiya-39803219/
Kotpad,39803199,Unknown,Unknown,https://odisha.villagecodes.in/koraput/kotpad-39803199/
Kundura,39803210,Unknown,Unknown,https://odisha.villagecodes.in/koraput/kundura-39803210/
Lakshmipur,39803203,Unknown,Unknown,https://odisha.villagecodes.in/koraput/lakshmipur-39803203/
Machh Kund,39803212,Unknown,Unknown,https://odisha.villagecodes.in/koraput/machh-kund-39803212/
Nandapur,39803214,Unknown,Unknown,https://odisha.villagecodes.in/koraput/nandapur-39803214/
Narayanpatana,39803204,Unknown,Unknown,https://odisha.villagecodes.in/koraput/narayanpatana-39803204/
Padua,39803213,Unknown,Unknown,https://odisha.villagecodes.in/koraput/padua-39803213/
Pottangi,39803218,Unknown,Unknown,https://odisha.villagecodes.in/koraput/pottangi-39803218/
Similiguda,39803215,Unknown,Unknown,https://odisha.villagecodes.in/koraput/similiguda-39803215/
Sunabeda,39803216,Unknown,Unknown,https://odisha.villagecodes.in/koraput/sunabeda-39803216/
